"Nombre","Ciudad","Edad"
"Juan Perez","Madrid","25"
"Ana Martínez","Barcelona","28"
"Luis Gómez","Madrid","34"
"Carla Ruiz","Sevilla","25"
"José Pérez","Valencia","31"
"Marta López","Bilbao","29"
"Pablo Fernández","Málaga","40"
"Laura Sánchez","Zaragoza","27"
"David Castro","Granada","33"
"Isabel Moreno","Córdoba","22"
"Juan Díaz","Alicante","36"
"Sara Torres","Valladolid","30"
"Manuel Ortega","Salamanca","24"
"Patricia Ruiz","Murcia","38"
"Javier Gómez","León","29"
"Elena Fernández","Oviedo","26"
"Carlos Jiménez","Tarragona","32"
"Beatriz Delgado","Segovia","35"
"Andrés Gómez","Burgos","27"
"Victoria Pérez","Huelva","31"
"Sergio López","Albacete","28"
"Marta García","Oviedo","33"
"Francisco Martínez","Toledo","37"
"Andrea Ramos","San Sebastián","29"
"Ángel Ruiz","Cáceres","26"
"Dolores Peña","Logroño","34"
"Roberto Núñez","Cáceres","40"
"Valeria Silva","León","30"
"Manuel Soto","Zaragoza","23"
"Teresa López","Valladolid","32"
"Rodrigo Martín","Madrid","35"
"María Gómez","Barcelona","27"
"Hugo García","Salamanca","28"
"Patricia Moreno","Granada","31"
"Tomás Pérez","Bilbao","30"
"Camila López","Almería","24"
"Martín Reyes","Sevilla","38"
"Laura Fernández","Valencia","26"
"Raúl Ortega","Murcia","34"
"Adriana Castro","Huelva","29"
"Nicolás López","Toledo","32"
"Rosa Sánchez","San Sebastián","37"
"Emiliano Torres","Córdoba","25"
"Gabriela Gómez","Tarragona","31"
"Enrique Díaz","Barcelona","30"
"Teresa Ruiz","Segovia","33"
"Diego Fernández","León","28"
"Laura González","Salamanca","32"
"Hugo Pérez","Valladolid","27"
"Clara López","Granada","26"
"Rafael Martínez","Oviedo","40"
"Alicia Fernández","Madrid","29"
"Sergio Sánchez","Albacete","30"
"Vanessa Ruiz","Murcia","31"
"Miguel Díaz","Barcelona","34"
"Lorena Sánchez","Zaragoza","23"
"Roberto Pérez","Madrid","38"
"Paula López","León","27"
"Alberto García","Córdoba","29"
"Claudia Moreno","Valencia","33"
"Esteban Torres","Bilbao","30"
"María García","Sevilla","24"
"Antonio López","Huelva","32"
"Pilar Martínez","Oviedo","27"
"Luis Hernández","Albacete","29"
"Javier Pérez","Granada","36"
"Andrea Gómez","Barcelona","25"
"Tomás Fernández","Salamanca","31"
"Silvia Ruiz","Valencia","28"
"Andrés González","Valladolid","35"
"Paula Martínez","León","27"
"Joaquín López","Madrid","30"
"Cristina Fernández","Zaragoza","32"
"Antonio Ruiz","Toledo","29"
"Patricia Castro","Bilbao","33"
"Francisco Gómez","San Sebastián","28"
